{
    "Linear Regression": {
        "R2": 1.0,
        "MAE": 4.813945282933056e-14,
        "MSE": 4.0033312391803016e-27,
        "RMSE": 6.327188348058165e-14
    },
    "Decision Tree": {
        "R2": 0.996144930926187,
        "MAE": 3.145834341137332,
        "MSE": 24.972343377343062,
        "RMSE": 4.997233572422152
    },
    "Gaussian Process": {
        "R2": 0.9732680025467562,
        "MAE": 0.8921965925220529,
        "MSE": 173.16437313648532,
        "RMSE": 13.159193483511265
    },
    "Random Forest": {
        "R2": 0.9986209892813422,
        "MAE": 2.1038510547606566,
        "MSE": 8.932947381224714,
        "RMSE": 2.988803670572009
    },
    "Gradient Boosting": {
        "R2": 0.9998389123965414,
        "MAE": 0.565701856887728,
        "MSE": 1.0434923137245768,
        "RMSE": 1.0215147153734874
    },
    "SVR": {
        "R2": 0.9386784558072602,
        "MAE": 5.9426673353207295,
        "MSE": 397.22833201933156,
        "RMSE": 19.930587849316726
    }
}